{
  "version": 1,
  "author": "Anonymous maker",
  "editor": "wokwi",
  "parts": [
    { "type": "wokwi-pi-pico", "id": "pico", "top": 35.25, "left": 22.8, "attrs": {} },
    {
      "type": "wokwi-led",
      "id": "led1",
      "top": 82.8,
      "left": -197.8,
      "attrs": { "color": "red" }
    },
    {
      "type": "wokwi-resistor",
      "id": "r1",
      "top": 158.4,
      "left": -125.35,
      "rotate": 90,
      "attrs": { "value": "3000" }
    },
    {
      "type": "wokwi-stepper-motor",
      "id": "stepper1",
      "top": -149.99,
      "left": 163.63,
      "attrs": { "size": "17" }
    },
    { "type": "wokwi-hc-sr04", "id": "ultrasonic1", "top": -94.5, "left": -282.5, "attrs": {} },
    { "type": "chip-pressure-sensor", "id": "chip1", "top": -46.98, "left": -81.6, "attrs": {} },
    { "type": "chip-flowrate-sensor", "id": "chip2", "top": 173.82, "left": 158.4, "attrs": {} }
  ],
  "connections": [
    [ "pico:GP0", "$serialMonitor:RX", "", [] ],
    [ "pico:GP1", "$serialMonitor:TX", "", [] ],
    [ "led1:C", "pico:GND.4", "green", [ "v0" ] ],
    [ "led1:A", "r1:1", "green", [ "v0" ] ],
    [ "r1:2", "pico:3V3", "green", [ "h172.8", "v-97.2" ] ],
    [ "ultrasonic1:VCC", "stepper1:B+", "red", [ "v38.4", "h48" ] ],
    [ "ultrasonic1:TRIG", "pico:GP2", "green", [ "v19.2", "h57.2" ] ],
    [ "ultrasonic1:ECHO", "pico:GP3", "green", [ "v0", "h133.6" ] ],
    [ "ultrasonic1:GND", "pico:GND.1", "black", [ "v0", "h114" ] ],
    [ "stepper1:A-", "pico:GP4", "green", [ "v38.4", "h-67.2" ] ],
    [ "stepper1:A+", "pico:VSYS", "green", [ "v28.8", "h-144" ] ],
    [ "stepper1:B-", "pico:GND.8", "green", [ "v38.4", "h-163.21" ] ],
    [ "chip2:VCC", "pico:3V3", "red", [ "h-48", "v-76.8" ] ],
    [ "chip2:GND", "pico:GND.4", "black", [ "h-144", "v-9.6" ] ],
    [ "chip2:OUT", "pico:GP5", "green", [ "h-247.79", "v-76.8" ] ],
    [ "chip2:IN", "pico:GP7", "green", [ "v-86.4", "h-218.99" ] ],
    [ "chip1:VCC", "pico:3V3", "red", [ "h201.6", "v28.8" ] ],
    [ "chip1:GND", "pico:GND.4", "black", [ "h38.4", "v67.2" ] ],
    [ "chip1:OUT", "pico:GP8", "green", [ "h30.61", "v86.4" ] ],
    [ "chip1:IN", "pico:GP9", "green", [ "v86.4", "h30.61" ] ]
  ],
  "dependencies": {}
}